{"count":1,"self":133.7151744,"total":312.16299879999997,"children":{"InitializeActuators":{"count":32,"self":0.0019906,"total":0.0019906,"children":null},"InitializeSensors":{"count":32,"self":0.0009973,"total":0.0009973,"children":null},"AgentSendState":{"count":39084,"self":1.0378669999999999,"total":4.9304798,"children":{"CollectObservations":{"count":125088,"self":0.4737461,"total":0.4737461,"children":null},"WriteActionMask":{"count":125088,"self":0.22733489999999998,"total":0.22733489999999998,"children":null},"RequestDecision":{"count":125088,"self":0.7119304,"total":3.1915318,"children":{"AgentInfo.ToProto":{"count":125088,"self":0.70473619999999992,"total":2.4796014,"children":{"GenerateSensorData":{"count":125088,"self":1.7748651999999998,"total":1.7748651999999998,"children":null}}}}}}},"DecideAction":{"count":39084,"self":170.1636992,"total":170.16369659999998,"children":null},"AgentAct":{"count":39084,"self":3.348664,"total":3.3506568999999997,"children":{"AgentInfo.ToProto":{"count":116,"self":0,"total":0.001993,"children":{"GenerateSensorData":{"count":116,"self":0.001993,"total":0.001993,"children":null}}}}}},"gauges":{"Chaser.CumulativeReward":{"count":84,"max":22.3504162,"min":-5.22004747,"runningAverage":5.17947149,"value":5.34002733,"weightedAverage":9.3626585},"Runner.CumulativeReward":{"count":32,"max":35.2400932,"min":-4.640011,"runningAverage":11.49674,"value":11.420166,"weightedAverage":20.3685417}},"metadata":{"timer_format_version":"0.1.0","start_time_seconds":"1638818404","unity_version":"2020.3.22f1","command_line_arguments":"D:\\Documents\\Coding\\Unity\\2020.3.22f1\\Editor\\Unity.exe -projectpath D:\/Documents\/Coding\/Unity\/RollABall -useHub -hubIPC -cloudEnvironment production -hubSessionId ecdbcd80-552d-11ec-b127-7579e4c2e96a -accessToken fmA4F4GudI2mPsRX4pZe_2ZmfK3b-XqwEt62uWqi_Do002f","communication_protocol_version":"1.5.0","com.unity.ml-agents_version":"2.1.0-exp.1","scene_name":"MiniGame","end_time_seconds":"1638818716"}}