{"count":1,"self":472.21908479999996,"total":2683.0426847999997,"children":{"InitializeActuators":{"count":32,"self":0.0020079,"total":0.0020079,"children":null},"InitializeSensors":{"count":32,"self":0.0029920999999999997,"total":0.0029920999999999997,"children":null},"AgentSendState":{"count":381267,"self":11.1020688,"total":51.199627799999995,"children":{"CollectObservations":{"count":1220160,"self":4.8666171999999994,"total":4.8666173,"children":null},"WriteActionMask":{"count":1220160,"self":2.3751796,"total":2.3751797,"children":null},"RequestDecision":{"count":1220160,"self":6.8471839999999995,"total":32.8557619,"children":{"AgentInfo.ToProto":{"count":1220160,"self":7.2022639999999996,"total":26.0085782,"children":{"GenerateSensorData":{"count":1220160,"self":18.8063152,"total":18.8063146,"children":null}}}}}}},"DecideAction":{"count":381267,"self":2130.3076864,"total":2130.3076312999997,"children":null},"AgentAct":{"count":381267,"self":29.2943808,"total":29.3083486,"children":{"AgentInfo.ToProto":{"count":500,"self":0.0039901,"total":0.0139682,"children":{"GenerateSensorData":{"count":500,"self":0.0099781,"total":0.0099781,"children":null}}}}}},"gauges":{"Chaser.CumulativeReward":{"count":250,"max":14728.9766,"min":1.01,"runningAverage":619.4295,"value":23.4800072,"weightedAverage":830.7801},"Runner.CumulativeReward":{"count":250,"max":14192.8545,"min":-2.66999841,"runningAverage":495.9626,"value":14.65999,"weightedAverage":753.6934}},"metadata":{"timer_format_version":"0.1.0","start_time_seconds":"1638884552","unity_version":"2020.3.22f1","command_line_arguments":"D:\\Documents\\Coding\\Unity\\2020.3.22f1\\Editor\\Unity.exe -projectpath D:\/Documents\/Coding\/Unity\/RollABall -useHub -hubIPC -cloudEnvironment production -hubSessionId ecdbcd80-552d-11ec-b127-7579e4c2e96a -accessToken ldb5YS12iEr-TVf41nXCoQUs_cEj6Q8bjdELRfYh-uw002f","communication_protocol_version":"1.5.0","com.unity.ml-agents_version":"2.1.0-exp.1","scene_name":"TAKE2 MACHINE LEARNING","end_time_seconds":"1638887235"}}